{
   "abstract" : "cPanel fork of JSON::XS, fast and correct serializing",
   "author" : [
      "Reini Urban <rurban@cpan.org>"
   ],
   "dynamic_config" : 0,
   "generated_by" : "ExtUtils::MakeMaker version 7.34, CPAN::Meta::Converter version 2.150010, CPAN::Meta::Converter version 2.120630",
   "license" : [
      "perl_5"
   ],
   "meta-spec" : {
      "url" : "http://search.cpan.org/perldoc?CPAN::Meta::Spec",
      "version" : 2
   },
   "name" : "Cpanel-JSON-XS",
   "no_index" : {
      "directory" : [
         "t",
         "inc"
      ]
   },
   "prereqs" : {
      "build" : {
         "requires" : {
            "ExtUtils::MakeMaker" : "0"
         }
      },
      "configure" : {
         "requires" : {
            "ExtUtils::MakeMaker" : "0"
         }
      },
      "runtime" : {
         "requires" : {
            "Pod::Text" : "2.08"
         }
      }
   },
   "release_status" : "stable",
   "resources" : {
      "bugtracker" : {
         "web" : "https://github.com/rurban/Cpanel-JSON-XS/issues"
      },
      "license" : [
         "http://dev.perl.org/licenses/"
      ],
      "repository" : {
         "url" : "https://github.com/rurban/Cpanel-JSON-XS"
      }
   },
   "version" : "4.08",
   "x_contributors" : [
      "Ashley Willis <ashleyw@cpan.org>",
      "Daniel Dragan <bulk88@hotmail.com>",
      "Colin Kuskie <colink@perldreamer.com>",
      "David Golden <xdg@xdg.me>",
      "David Steinbrunner <dsteinbrunner@pobox.com>",
      "Gianni Ceccarelli <gianni.ceccarelli@net-a-porter.com>",
      "Gilmar Santos Jr <jgasjr@gmail.com>",
      "Graham Knop <haarg@haarg.org>",
      "Chip Salzenberg <chip@pobox.com>",
      "Christopher J. Madsen <cjm@cjmweb.net>",
      "J. Nick Koston <nick@cpanel.net>",
      "Karen Etheridge <ether@cpan.org>",
      "Lubomir Rintel <lkundrak@v3.sk>",
      "Marc Lehmann <schmorp@schmorp.de>",
      "Matthew Horsfall <wolfsage@gmail.com>",
      "Michael G. Schwern <schwern@pobox.com>",
      "Pali <pali@cpan.org>",
      "Patrick Cronin <PatrickCronin@users.noreply.github.com>",
      "Quim Rovira <quim@rovira.cat>",
      "Reini Urban <rurban@cpan.org>",
      "Sergey Aleynikov <sergey.aleynikov@gmail.com>",
      "Syohei Yoshida <syohex@gmail.com>"
   ],
   "x_serialization_backend" : "JSON::PP version 2.97001"
}
